INDICATOR,GEBIEDSTYPE,GEBIEDSCODE,DATE_FROM,DATE_TO,WAARDE
Trend GLG naar 2050,d_swf_welstandsgebieden,21,2020-01-01,,-13
Trend GLG naar 2050,d_swf_welstandsgebieden,22,2020-01-01,,0
Trend GLG naar 2050,d_swf_welstandsgebieden,23,2020-01-01,,-6
Trend GLG naar 2050,d_swf_welstandsgebieden,24,2020-01-01,,1
Trend GLG naar 2050,d_swf_welstandsgebieden,25,2020-01-01,,-10
Trend GLG naar 2050,d_swf_welstandsgebieden,26,2020-01-01,,-5
Trend GLG naar 2050,d_swf_welstandsgebieden,27,2020-01-01,,-11
Trend GLG naar 2050,d_swf_welstandsgebieden,28,2020-01-01,,-9
Trend GLG naar 2050,d_swf_welstandsgebieden,29,2020-01-01,,-1
Trend GLG naar 2050,d_swf_welstandsgebieden,30,2020-01-01,,-4
Trend GLG naar 2050,d_swf_welstandsgebieden,2,2020-01-01,,-10
Trend GLG naar 2050,d_swf_welstandsgebieden,3,2020-01-01,,-12
Trend GLG naar 2050,d_swf_welstandsgebieden,4,2020-01-01,,-4
Trend GLG naar 2050,d_swf_welstandsgebieden,5,2020-01-01,,-6
Trend GLG naar 2050,d_swf_welstandsgebieden,11,2020-01-01,,-10
Trend GLG naar 2050,d_swf_welstandsgebieden,12,2020-01-01,,-8
Trend GLG naar 2050,d_swf_welstandsgebieden,6,2020-01-01,,-5
Trend GLG naar 2050,d_swf_welstandsgebieden,7,2020-01-01,,-18
Trend GLG naar 2050,d_swf_welstandsgebieden,8,2020-01-01,,-7
Trend GLG naar 2050,d_swf_welstandsgebieden,9,2020-01-01,,-9
Trend GLG naar 2050,d_swf_welstandsgebieden,10,2020-01-01,,-3
Trend GLG naar 2050,d_swf_welstandsgebieden,18,2020-01-01,,-6
Trend GLG naar 2050,d_swf_welstandsgebieden,19,2020-01-01,,-6
Trend GLG naar 2050,d_swf_welstandsgebieden,20,2020-01-01,,-11
Trend GLG naar 2050,d_swf_welstandsgebieden,61,2020-01-01,,-12
Trend GLG naar 2050,d_swf_welstandsgebieden,16,2020-01-01,,-13
Trend GLG naar 2050,d_swf_welstandsgebieden,17,2020-01-01,,-12
Trend GLG naar 2050,d_swf_welstandsgebieden,49,2020-01-01,,-14
Trend GLG naar 2050,d_swf_welstandsgebieden,13,2020-01-01,,-5
Trend GLG naar 2050,d_swf_welstandsgebieden,14,2020-01-01,,-8
Trend GLG naar 2050,d_swf_welstandsgebieden,15,2020-01-01,,-8
Trend GLG naar 2050,d_swf_welstandsgebieden,50,2020-01-01,,-15
Trend GLG naar 2050,d_swf_welstandsgebieden,42,2020-01-01,,-12
Trend GLG naar 2050,d_swf_welstandsgebieden,43,2020-01-01,,-16
Trend GLG naar 2050,d_swf_welstandsgebieden,44,2020-01-01,,-3
Trend GLG naar 2050,d_swf_welstandsgebieden,45,2020-01-01,,-14
Trend GLG naar 2050,d_swf_welstandsgebieden,46,2020-01-01,,-9
Trend GLG naar 2050,d_swf_welstandsgebieden,47,2020-01-01,,-13
Trend GLG naar 2050,d_swf_welstandsgebieden,48,2020-01-01,,0
Trend GLG naar 2050,d_swf_welstandsgebieden,53,2020-01-01,,-17
Trend GLG naar 2050,d_swf_welstandsgebieden,54,2020-01-01,,-13
Trend GLG naar 2050,d_swf_welstandsgebieden,51,2020-01-01,,-3
Trend GLG naar 2050,d_swf_welstandsgebieden,52,2020-01-01,,-5
Trend GLG naar 2050,d_swf_welstandsgebieden,31,2020-01-01,,-6
Trend GLG naar 2050,d_swf_welstandsgebieden,32,2020-01-01,,3
Trend GLG naar 2050,d_swf_welstandsgebieden,33,2020-01-01,,-10
Trend GLG naar 2050,d_swf_welstandsgebieden,34,2020-01-01,,-13
Trend GLG naar 2050,d_swf_welstandsgebieden,35,2020-01-01,,-14
Trend GLG naar 2050,d_swf_welstandsgebieden,36,2020-01-01,,-5
Trend GLG naar 2050,d_swf_welstandsgebieden,37,2020-01-01,,-15
Trend GLG naar 2050,d_swf_welstandsgebieden,38,2020-01-01,,-1
Trend GLG naar 2050,d_swf_welstandsgebieden,39,2020-01-01,,0
Trend GLG naar 2050,d_swf_welstandsgebieden,40,2020-01-01,,-12
Trend GLG naar 2050,d_swf_welstandsgebieden,41,2020-01-01,,-11
Trend GLG naar 2050,d_swf_welstandsgebieden,130,2020-01-01,,-8
Trend GLG naar 2050,d_swf_welstandsgebieden,62,2020-01-01,,4
Trend GLG naar 2050,d_swf_welstandsgebieden,63,2020-01-01,,-8
Trend GLG naar 2050,d_swf_welstandsgebieden,64,2020-01-01,,-16
Trend GLG naar 2050,d_swf_welstandsgebieden,65,2020-01-01,,-12
Trend GLG naar 2050,d_swf_welstandsgebieden,66,2020-01-01,,-8
Trend GLG naar 2050,d_swf_welstandsgebieden,67,2020-01-01,,-15
Trend GLG naar 2050,d_swf_welstandsgebieden,74,2020-01-01,,-9
Trend GLG naar 2050,d_swf_welstandsgebieden,75,2020-01-01,,-14
Trend GLG naar 2050,d_swf_welstandsgebieden,76,2020-01-01,,-13
Trend GLG naar 2050,d_swf_welstandsgebieden,77,2020-01-01,,-5
Trend GLG naar 2050,d_swf_welstandsgebieden,55,2020-01-01,,-5
Trend GLG naar 2050,d_swf_welstandsgebieden,56,2020-01-01,,-13
Trend GLG naar 2050,d_swf_welstandsgebieden,83,2020-01-01,,-18
Trend GLG naar 2050,d_swf_welstandsgebieden,84,2020-01-01,,1
Trend GLG naar 2050,d_swf_welstandsgebieden,85,2020-01-01,,-7
Trend GLG naar 2050,d_swf_welstandsgebieden,86,2020-01-01,,-7
Trend GLG naar 2050,d_swf_welstandsgebieden,87,2020-01-01,,-8
Trend GLG naar 2050,d_swf_welstandsgebieden,88,2020-01-01,,-6
Trend GLG naar 2050,d_swf_welstandsgebieden,89,2020-01-01,,-21
Trend GLG naar 2050,d_swf_welstandsgebieden,131,2020-01-01,,-12
Trend GLG naar 2050,d_swf_welstandsgebieden,78,2020-01-01,,-6
Trend GLG naar 2050,d_swf_welstandsgebieden,79,2020-01-01,,-20
Trend GLG naar 2050,d_swf_welstandsgebieden,80,2020-01-01,,-6
Trend GLG naar 2050,d_swf_welstandsgebieden,81,2020-01-01,,-6
Trend GLG naar 2050,d_swf_welstandsgebieden,82,2020-01-01,,-3
Trend GLG naar 2050,d_swf_welstandsgebieden,68,2020-01-01,,-12
Trend GLG naar 2050,d_swf_welstandsgebieden,90,2020-01-01,,-9
Trend GLG naar 2050,d_swf_welstandsgebieden,91,2020-01-01,,-2
Trend GLG naar 2050,d_swf_welstandsgebieden,92,2020-01-01,,-2
Trend GLG naar 2050,d_swf_welstandsgebieden,93,2020-01-01,,-8
Trend GLG naar 2050,d_swf_welstandsgebieden,57,2020-01-01,,-1
Trend GLG naar 2050,d_swf_welstandsgebieden,58,2020-01-01,,-10
Trend GLG naar 2050,d_swf_welstandsgebieden,59,2020-01-01,,-4
Trend GLG naar 2050,d_swf_welstandsgebieden,60,2020-01-01,,-10
Trend GLG naar 2050,d_swf_welstandsgebieden,122,2020-01-01,,-6
Trend GLG naar 2050,d_swf_welstandsgebieden,123,2020-01-01,,-12
Trend GLG naar 2050,d_swf_welstandsgebieden,124,2020-01-01,,-14
Trend GLG naar 2050,d_swf_welstandsgebieden,125,2020-01-01,,-10
Trend GLG naar 2050,d_swf_welstandsgebieden,129,2020-01-01,,-10
Trend GLG naar 2050,d_swf_welstandsgebieden,142,2020-01-01,,-5
Trend GLG naar 2050,d_swf_welstandsgebieden,143,2020-01-01,,-15
Trend GLG naar 2050,d_swf_welstandsgebieden,69,2020-01-01,,-6
Trend GLG naar 2050,d_swf_welstandsgebieden,70,2020-01-01,,-15
Trend GLG naar 2050,d_swf_welstandsgebieden,71,2020-01-01,,-19
Trend GLG naar 2050,d_swf_welstandsgebieden,72,2020-01-01,,-13
Trend GLG naar 2050,d_swf_welstandsgebieden,73,2020-01-01,,-20
Trend GLG naar 2050,d_swf_welstandsgebieden,94,2020-01-01,,-10
Trend GLG naar 2050,d_swf_welstandsgebieden,95,2020-01-01,,-12
Trend GLG naar 2050,d_swf_welstandsgebieden,96,2020-01-01,,-13
Trend GLG naar 2050,d_swf_welstandsgebieden,97,2020-01-01,,-16
Trend GLG naar 2050,d_swf_welstandsgebieden,98,2020-01-01,,-5
Trend GLG naar 2050,d_swf_welstandsgebieden,99,2020-01-01,,-16
Trend GLG naar 2050,d_swf_welstandsgebieden,100,2020-01-01,,-5
Trend GLG naar 2050,d_swf_welstandsgebieden,101,2020-01-01,,-8
Trend GLG naar 2050,d_swf_welstandsgebieden,102,2020-01-01,,-16
Trend GLG naar 2050,d_swf_welstandsgebieden,103,2020-01-01,,-9
Trend GLG naar 2050,d_swf_welstandsgebieden,104,2020-01-01,,-16
Trend GLG naar 2050,d_swf_welstandsgebieden,105,2020-01-01,,-1
Trend GLG naar 2050,d_swf_welstandsgebieden,106,2020-01-01,,-8
Trend GLG naar 2050,d_swf_welstandsgebieden,144,2020-01-01,,-14
Trend GLG naar 2050,d_swf_welstandsgebieden,132,2020-01-01,,-13
Trend GLG naar 2050,d_swf_welstandsgebieden,133,2020-01-01,,-1
Trend GLG naar 2050,d_swf_welstandsgebieden,134,2020-01-01,,-4
Trend GLG naar 2050,d_swf_welstandsgebieden,135,2020-01-01,,-17
Trend GLG naar 2050,d_swf_welstandsgebieden,136,2020-01-01,,-7
Trend GLG naar 2050,d_swf_welstandsgebieden,173,2020-01-01,,-9
Trend GLG naar 2050,d_swf_welstandsgebieden,174,2020-01-01,,-7
Trend GLG naar 2050,d_swf_welstandsgebieden,107,2020-01-01,,-14
Trend GLG naar 2050,d_swf_welstandsgebieden,108,2020-01-01,,-5
Trend GLG naar 2050,d_swf_welstandsgebieden,109,2020-01-01,,-1
Trend GLG naar 2050,d_swf_welstandsgebieden,110,2020-01-01,,-14
Trend GLG naar 2050,d_swf_welstandsgebieden,111,2020-01-01,,-9
Trend GLG naar 2050,d_swf_welstandsgebieden,112,2020-01-01,,-17
Trend GLG naar 2050,d_swf_welstandsgebieden,113,2020-01-01,,-5
Trend GLG naar 2050,d_swf_welstandsgebieden,114,2020-01-01,,-13
Trend GLG naar 2050,d_swf_welstandsgebieden,115,2020-01-01,,-6
Trend GLG naar 2050,d_swf_welstandsgebieden,116,2020-01-01,,-13
Trend GLG naar 2050,d_swf_welstandsgebieden,117,2020-01-01,,-13
Trend GLG naar 2050,d_swf_welstandsgebieden,118,2020-01-01,,-13
Trend GLG naar 2050,d_swf_welstandsgebieden,119,2020-01-01,,-4
Trend GLG naar 2050,d_swf_welstandsgebieden,120,2020-01-01,,-15
Trend GLG naar 2050,d_swf_welstandsgebieden,121,2020-01-01,,-21
Trend GLG naar 2050,d_swf_welstandsgebieden,170,2020-01-01,,-18
Trend GLG naar 2050,d_swf_welstandsgebieden,171,2020-01-01,,7
Trend GLG naar 2050,d_swf_welstandsgebieden,172,2020-01-01,,-14
Trend GLG naar 2050,d_swf_welstandsgebieden,126,2020-01-01,,-4
Trend GLG naar 2050,d_swf_welstandsgebieden,127,2020-01-01,,-19
Trend GLG naar 2050,d_swf_welstandsgebieden,128,2020-01-01,,-8
Trend GLG naar 2050,d_swf_welstandsgebieden,152,2020-01-01,,-5
Trend GLG naar 2050,d_swf_welstandsgebieden,153,2020-01-01,,-9
Trend GLG naar 2050,d_swf_welstandsgebieden,154,2020-01-01,,-24
Trend GLG naar 2050,d_swf_welstandsgebieden,137,2020-01-01,,-6
Trend GLG naar 2050,d_swf_welstandsgebieden,167,2020-01-01,,-5
Trend GLG naar 2050,d_swf_welstandsgebieden,145,2020-01-01,,-13
Trend GLG naar 2050,d_swf_welstandsgebieden,146,2020-01-01,,-16
Trend GLG naar 2050,d_swf_welstandsgebieden,147,2020-01-01,,-6
Trend GLG naar 2050,d_swf_welstandsgebieden,148,2020-01-01,,-11
Trend GLG naar 2050,d_swf_welstandsgebieden,138,2020-01-01,,-15
Trend GLG naar 2050,d_swf_welstandsgebieden,139,2020-01-01,,-16
Trend GLG naar 2050,d_swf_welstandsgebieden,140,2020-01-01,,-12
Trend GLG naar 2050,d_swf_welstandsgebieden,141,2020-01-01,,-9
Trend GLG naar 2050,d_swf_welstandsgebieden,163,2020-01-01,,-14
Trend GLG naar 2050,d_swf_welstandsgebieden,164,2020-01-01,,-6
Trend GLG naar 2050,d_swf_welstandsgebieden,165,2020-01-01,,-15
Trend GLG naar 2050,d_swf_welstandsgebieden,166,2020-01-01,,-4
Trend GLG naar 2050,d_swf_welstandsgebieden,186,2020-01-01,,-6
Trend GLG naar 2050,d_swf_welstandsgebieden,187,2020-01-01,,-7
Trend GLG naar 2050,d_swf_welstandsgebieden,150,2020-01-01,,-6
Trend GLG naar 2050,d_swf_welstandsgebieden,151,2020-01-01,,-10
Trend GLG naar 2050,d_swf_welstandsgebieden,156,2020-01-01,,-13
Trend GLG naar 2050,d_swf_welstandsgebieden,157,2020-01-01,,-4
Trend GLG naar 2050,d_swf_welstandsgebieden,188,2020-01-01,,-8
Trend GLG naar 2050,d_swf_welstandsgebieden,189,2020-01-01,,-15
Trend GLG naar 2050,d_swf_welstandsgebieden,190,2020-01-01,,-6
Trend GLG naar 2050,d_swf_welstandsgebieden,175,2020-01-01,,-7
Trend GLG naar 2050,d_swf_welstandsgebieden,176,2020-01-01,,-7
Trend GLG naar 2050,d_swf_welstandsgebieden,177,2020-01-01,,-12
Trend GLG naar 2050,d_swf_welstandsgebieden,178,2020-01-01,,-13
Trend GLG naar 2050,d_swf_welstandsgebieden,149,2020-01-01,,-2
Trend GLG naar 2050,d_swf_welstandsgebieden,194,2020-01-01,,-6
Trend GLG naar 2050,d_swf_welstandsgebieden,158,2020-01-01,,-24
Trend GLG naar 2050,d_swf_welstandsgebieden,159,2020-01-01,,-8
Trend GLG naar 2050,d_swf_welstandsgebieden,160,2020-01-01,,-11
Trend GLG naar 2050,d_swf_welstandsgebieden,161,2020-01-01,,-13
Trend GLG naar 2050,d_swf_welstandsgebieden,162,2020-01-01,,5
Trend GLG naar 2050,d_swf_welstandsgebieden,232,2020-01-01,,-7
Trend GLG naar 2050,d_swf_welstandsgebieden,191,2020-01-01,,-13
Trend GLG naar 2050,d_swf_welstandsgebieden,192,2020-01-01,,-5
Trend GLG naar 2050,d_swf_welstandsgebieden,193,2020-01-01,,-3
Trend GLG naar 2050,d_swf_welstandsgebieden,168,2020-01-01,,-16
Trend GLG naar 2050,d_swf_welstandsgebieden,169,2020-01-01,,-10
Trend GLG naar 2050,d_swf_welstandsgebieden,155,2020-01-01,,-10
Trend GLG naar 2050,d_swf_welstandsgebieden,195,2020-01-01,,-11
Trend GLG naar 2050,d_swf_welstandsgebieden,196,2020-01-01,,-11
Trend GLG naar 2050,d_swf_welstandsgebieden,197,2020-01-01,,-12
Trend GLG naar 2050,d_swf_welstandsgebieden,198,2020-01-01,,-5
Trend GLG naar 2050,d_swf_welstandsgebieden,199,2020-01-01,,-6
Trend GLG naar 2050,d_swf_welstandsgebieden,200,2020-01-01,,-17
Trend GLG naar 2050,d_swf_welstandsgebieden,201,2020-01-01,,-6
Trend GLG naar 2050,d_swf_welstandsgebieden,202,2020-01-01,,-9
Trend GLG naar 2050,d_swf_welstandsgebieden,203,2020-01-01,,-7
Trend GLG naar 2050,d_swf_welstandsgebieden,204,2020-01-01,,-7
Trend GLG naar 2050,d_swf_welstandsgebieden,205,2020-01-01,,-3
Trend GLG naar 2050,d_swf_welstandsgebieden,206,2020-01-01,,-11
Trend GLG naar 2050,d_swf_welstandsgebieden,207,2020-01-01,,-13
Trend GLG naar 2050,d_swf_welstandsgebieden,179,2020-01-01,,-23
Trend GLG naar 2050,d_swf_welstandsgebieden,211,2020-01-01,,-8
Trend GLG naar 2050,d_swf_welstandsgebieden,212,2020-01-01,,-6
Trend GLG naar 2050,d_swf_welstandsgebieden,213,2020-01-01,,-5
Trend GLG naar 2050,d_swf_welstandsgebieden,229,2020-01-01,,-13
Trend GLG naar 2050,d_swf_welstandsgebieden,230,2020-01-01,,-15
Trend GLG naar 2050,d_swf_welstandsgebieden,231,2020-01-01,,-13
Trend GLG naar 2050,d_swf_welstandsgebieden,210,2020-01-01,,-13
Trend GLG naar 2050,d_swf_welstandsgebieden,180,2020-01-01,,-3
Trend GLG naar 2050,d_swf_welstandsgebieden,181,2020-01-01,,-15
Trend GLG naar 2050,d_swf_welstandsgebieden,182,2020-01-01,,-2
Trend GLG naar 2050,d_swf_welstandsgebieden,183,2020-01-01,,-10
Trend GLG naar 2050,d_swf_welstandsgebieden,184,2020-01-01,,1
Trend GLG naar 2050,d_swf_welstandsgebieden,185,2020-01-01,,-2
Trend GLG naar 2050,d_swf_welstandsgebieden,225,2020-01-01,,-7
Trend GLG naar 2050,d_swf_welstandsgebieden,226,2020-01-01,,-21
Trend GLG naar 2050,d_swf_welstandsgebieden,227,2020-01-01,,-15
Trend GLG naar 2050,d_swf_welstandsgebieden,228,2020-01-01,,-7
Trend GLG naar 2050,d_swf_welstandsgebieden,243,2020-01-01,,-15
Trend GLG naar 2050,d_swf_welstandsgebieden,244,2020-01-01,,-15
Trend GLG naar 2050,d_swf_welstandsgebieden,233,2020-01-01,,-17
Trend GLG naar 2050,d_swf_welstandsgebieden,219,2020-01-01,,-8
Trend GLG naar 2050,d_swf_welstandsgebieden,220,2020-01-01,,-10
Trend GLG naar 2050,d_swf_welstandsgebieden,221,2020-01-01,,-2
Trend GLG naar 2050,d_swf_welstandsgebieden,222,2020-01-01,,-6
Trend GLG naar 2050,d_swf_welstandsgebieden,234,2020-01-01,,-13
Trend GLG naar 2050,d_swf_welstandsgebieden,235,2020-01-01,,-9
Trend GLG naar 2050,d_swf_welstandsgebieden,236,2020-01-01,,-13
Trend GLG naar 2050,d_swf_welstandsgebieden,208,2020-01-01,,-12
Trend GLG naar 2050,d_swf_welstandsgebieden,209,2020-01-01,,-15
Trend GLG naar 2050,d_swf_welstandsgebieden,260,2020-01-01,,-5
Trend GLG naar 2050,d_swf_welstandsgebieden,261,2020-01-01,,-9
Trend GLG naar 2050,d_swf_welstandsgebieden,262,2020-01-01,,-12
Trend GLG naar 2050,d_swf_welstandsgebieden,263,2020-01-01,,-6
Trend GLG naar 2050,d_swf_welstandsgebieden,264,2020-01-01,,-19
Trend GLG naar 2050,d_swf_welstandsgebieden,265,2020-01-01,,-6
Trend GLG naar 2050,d_swf_welstandsgebieden,266,2020-01-01,,-6
Trend GLG naar 2050,d_swf_welstandsgebieden,267,2020-01-01,,-19
Trend GLG naar 2050,d_swf_welstandsgebieden,268,2020-01-01,,-6
Trend GLG naar 2050,d_swf_welstandsgebieden,269,2020-01-01,,-6
Trend GLG naar 2050,d_swf_welstandsgebieden,270,2020-01-01,,-16
Trend GLG naar 2050,d_swf_welstandsgebieden,271,2020-01-01,,-14
Trend GLG naar 2050,d_swf_welstandsgebieden,272,2020-01-01,,-14
Trend GLG naar 2050,d_swf_welstandsgebieden,273,2020-01-01,,-5
Trend GLG naar 2050,d_swf_welstandsgebieden,274,2020-01-01,,-17
Trend GLG naar 2050,d_swf_welstandsgebieden,275,2020-01-01,,-14
Trend GLG naar 2050,d_swf_welstandsgebieden,276,2020-01-01,,-16
Trend GLG naar 2050,d_swf_welstandsgebieden,277,2020-01-01,,-14
Trend GLG naar 2050,d_swf_welstandsgebieden,278,2020-01-01,,-1
Trend GLG naar 2050,d_swf_welstandsgebieden,279,2020-01-01,,-5
Trend GLG naar 2050,d_swf_welstandsgebieden,280,2020-01-01,,-11
Trend GLG naar 2050,d_swf_welstandsgebieden,223,2020-01-01,,-2
Trend GLG naar 2050,d_swf_welstandsgebieden,224,2020-01-01,,-7
Trend GLG naar 2050,d_swf_welstandsgebieden,241,2020-01-01,,-8
Trend GLG naar 2050,d_swf_welstandsgebieden,242,2020-01-01,,-6
Trend GLG naar 2050,d_swf_welstandsgebieden,325,2020-01-01,,-12
Trend GLG naar 2050,d_swf_welstandsgebieden,326,2020-01-01,,-10
Trend GLG naar 2050,d_swf_welstandsgebieden,327,2020-01-01,,-9
Trend GLG naar 2050,d_swf_welstandsgebieden,255,2020-01-01,,-18
Trend GLG naar 2050,d_swf_welstandsgebieden,256,2020-01-01,,-19
Trend GLG naar 2050,d_swf_welstandsgebieden,257,2020-01-01,,-15
Trend GLG naar 2050,d_swf_welstandsgebieden,258,2020-01-01,,-15
Trend GLG naar 2050,d_swf_welstandsgebieden,259,2020-01-01,,-8
Trend GLG naar 2050,d_swf_welstandsgebieden,328,2020-01-01,,2
Trend GLG naar 2050,d_swf_welstandsgebieden,329,2020-01-01,,-3
Trend GLG naar 2050,d_swf_welstandsgebieden,214,2020-01-01,,-3
Trend GLG naar 2050,d_swf_welstandsgebieden,215,2020-01-01,,-14
Trend GLG naar 2050,d_swf_welstandsgebieden,216,2020-01-01,,-19
Trend GLG naar 2050,d_swf_welstandsgebieden,217,2020-01-01,,-19
Trend GLG naar 2050,d_swf_welstandsgebieden,218,2020-01-01,,-12
Trend GLG naar 2050,d_swf_welstandsgebieden,238,2020-01-01,,-2
Trend GLG naar 2050,d_swf_welstandsgebieden,239,2020-01-01,,-23
Trend GLG naar 2050,d_swf_welstandsgebieden,240,2020-01-01,,-15
Trend GLG naar 2050,d_swf_welstandsgebieden,314,2020-01-01,,-8
Trend GLG naar 2050,d_swf_welstandsgebieden,315,2020-01-01,,-13
Trend GLG naar 2050,d_swf_welstandsgebieden,310,2020-01-01,,-14
Trend GLG naar 2050,d_swf_welstandsgebieden,330,2020-01-01,,-12
Trend GLG naar 2050,d_swf_welstandsgebieden,290,2020-01-01,,-3
Trend GLG naar 2050,d_swf_welstandsgebieden,291,2020-01-01,,-3
Trend GLG naar 2050,d_swf_welstandsgebieden,292,2020-01-01,,-24
Trend GLG naar 2050,d_swf_welstandsgebieden,293,2020-01-01,,-10
Trend GLG naar 2050,d_swf_welstandsgebieden,294,2020-01-01,,-16
Trend GLG naar 2050,d_swf_welstandsgebieden,295,2020-01-01,,-5
Trend GLG naar 2050,d_swf_welstandsgebieden,296,2020-01-01,,-16
Trend GLG naar 2050,d_swf_welstandsgebieden,297,2020-01-01,,-10
Trend GLG naar 2050,d_swf_welstandsgebieden,298,2020-01-01,,-13
Trend GLG naar 2050,d_swf_welstandsgebieden,299,2020-01-01,,-12
Trend GLG naar 2050,d_swf_welstandsgebieden,300,2020-01-01,,-10
Trend GLG naar 2050,d_swf_welstandsgebieden,301,2020-01-01,,-14
Trend GLG naar 2050,d_swf_welstandsgebieden,302,2020-01-01,,-17
Trend GLG naar 2050,d_swf_welstandsgebieden,303,2020-01-01,,-2
Trend GLG naar 2050,d_swf_welstandsgebieden,304,2020-01-01,,-4
Trend GLG naar 2050,d_swf_welstandsgebieden,237,2020-01-01,,-6
Trend GLG naar 2050,d_swf_welstandsgebieden,316,2020-01-01,,-13
Trend GLG naar 2050,d_swf_welstandsgebieden,317,2020-01-01,,-5
Trend GLG naar 2050,d_swf_welstandsgebieden,318,2020-01-01,,-5
Trend GLG naar 2050,d_swf_welstandsgebieden,319,2020-01-01,,-3
Trend GLG naar 2050,d_swf_welstandsgebieden,320,2020-01-01,,-11
Trend GLG naar 2050,d_swf_welstandsgebieden,321,2020-01-01,,-2
Trend GLG naar 2050,d_swf_welstandsgebieden,322,2020-01-01,,-5
Trend GLG naar 2050,d_swf_welstandsgebieden,323,2020-01-01,,-15
Trend GLG naar 2050,d_swf_welstandsgebieden,324,2020-01-01,,-9
Trend GLG naar 2050,d_swf_welstandsgebieden,344,2020-01-01,,-4
Trend GLG naar 2050,d_swf_welstandsgebieden,245,2020-01-01,,-12
Trend GLG naar 2050,d_swf_welstandsgebieden,246,2020-01-01,,-16
Trend GLG naar 2050,d_swf_welstandsgebieden,247,2020-01-01,,-10
Trend GLG naar 2050,d_swf_welstandsgebieden,248,2020-01-01,,-12
Trend GLG naar 2050,d_swf_welstandsgebieden,249,2020-01-01,,-13
Trend GLG naar 2050,d_swf_welstandsgebieden,250,2020-01-01,,-22
Trend GLG naar 2050,d_swf_welstandsgebieden,251,2020-01-01,,-3
Trend GLG naar 2050,d_swf_welstandsgebieden,252,2020-01-01,,-8
Trend GLG naar 2050,d_swf_welstandsgebieden,253,2020-01-01,,-20
Trend GLG naar 2050,d_swf_welstandsgebieden,254,2020-01-01,,-9
Trend GLG naar 2050,d_swf_welstandsgebieden,352,2020-01-01,,-16
Trend GLG naar 2050,d_swf_welstandsgebieden,353,2020-01-01,,-13
Trend GLG naar 2050,d_swf_welstandsgebieden,354,2020-01-01,,-10
Trend GLG naar 2050,d_swf_welstandsgebieden,335,2020-01-01,,-12
Trend GLG naar 2050,d_swf_welstandsgebieden,340,2020-01-01,,0
Trend GLG naar 2050,d_swf_welstandsgebieden,341,2020-01-01,,-5
Trend GLG naar 2050,d_swf_welstandsgebieden,342,2020-01-01,,-10
Trend GLG naar 2050,d_swf_welstandsgebieden,343,2020-01-01,,-13
Trend GLG naar 2050,d_swf_welstandsgebieden,336,2020-01-01,,-20
Trend GLG naar 2050,d_swf_welstandsgebieden,337,2020-01-01,,-6
Trend GLG naar 2050,d_swf_welstandsgebieden,338,2020-01-01,,-5
Trend GLG naar 2050,d_swf_welstandsgebieden,339,2020-01-01,,-15
Trend GLG naar 2050,d_swf_welstandsgebieden,373,2020-01-01,,3
Trend GLG naar 2050,d_swf_welstandsgebieden,374,2020-01-01,,-7
Trend GLG naar 2050,d_swf_welstandsgebieden,375,2020-01-01,,-7
Trend GLG naar 2050,d_swf_welstandsgebieden,376,2020-01-01,,-4
Trend GLG naar 2050,d_swf_welstandsgebieden,377,2020-01-01,,-17
Trend GLG naar 2050,d_swf_welstandsgebieden,378,2020-01-01,,-7
Trend GLG naar 2050,d_swf_welstandsgebieden,379,2020-01-01,,-8
Trend GLG naar 2050,d_swf_welstandsgebieden,305,2020-01-01,,-23
Trend GLG naar 2050,d_swf_welstandsgebieden,306,2020-01-01,,-11
Trend GLG naar 2050,d_swf_welstandsgebieden,307,2020-01-01,,-15
Trend GLG naar 2050,d_swf_welstandsgebieden,308,2020-01-01,,-16
Trend GLG naar 2050,d_swf_welstandsgebieden,309,2020-01-01,,-5
Trend GLG naar 2050,d_swf_welstandsgebieden,386,2020-01-01,,-7
Trend GLG naar 2050,d_swf_welstandsgebieden,345,2020-01-01,,-6
Trend GLG naar 2050,d_swf_welstandsgebieden,331,2020-01-01,,-8
Trend GLG naar 2050,d_swf_welstandsgebieden,332,2020-01-01,,-5
Trend GLG naar 2050,d_swf_welstandsgebieden,333,2020-01-01,,-9
Trend GLG naar 2050,d_swf_welstandsgebieden,334,2020-01-01,,-13
Trend GLG naar 2050,d_swf_welstandsgebieden,281,2020-01-01,,-15
Trend GLG naar 2050,d_swf_welstandsgebieden,282,2020-01-01,,-7
Trend GLG naar 2050,d_swf_welstandsgebieden,283,2020-01-01,,-13
Trend GLG naar 2050,d_swf_welstandsgebieden,284,2020-01-01,,-18
Trend GLG naar 2050,d_swf_welstandsgebieden,285,2020-01-01,,-15
Trend GLG naar 2050,d_swf_welstandsgebieden,286,2020-01-01,,-7
Trend GLG naar 2050,d_swf_welstandsgebieden,287,2020-01-01,,-10
Trend GLG naar 2050,d_swf_welstandsgebieden,288,2020-01-01,,-14
Trend GLG naar 2050,d_swf_welstandsgebieden,289,2020-01-01,,-1
Trend GLG naar 2050,d_swf_welstandsgebieden,364,2020-01-01,,-14
Trend GLG naar 2050,d_swf_welstandsgebieden,365,2020-01-01,,-9
Trend GLG naar 2050,d_swf_welstandsgebieden,366,2020-01-01,,-15
Trend GLG naar 2050,d_swf_welstandsgebieden,367,2020-01-01,,-14
Trend GLG naar 2050,d_swf_welstandsgebieden,368,2020-01-01,,-8
Trend GLG naar 2050,d_swf_welstandsgebieden,369,2020-01-01,,-12
Trend GLG naar 2050,d_swf_welstandsgebieden,370,2020-01-01,,-16
Trend GLG naar 2050,d_swf_welstandsgebieden,371,2020-01-01,,-13
Trend GLG naar 2050,d_swf_welstandsgebieden,372,2020-01-01,,-11
Trend GLG naar 2050,d_swf_welstandsgebieden,397,2020-01-01,,-21
Trend GLG naar 2050,d_swf_welstandsgebieden,398,2020-01-01,,-13
Trend GLG naar 2050,d_swf_welstandsgebieden,399,2020-01-01,,-3
Trend GLG naar 2050,d_swf_welstandsgebieden,380,2020-01-01,,-12
Trend GLG naar 2050,d_swf_welstandsgebieden,381,2020-01-01,,2
Trend GLG naar 2050,d_swf_welstandsgebieden,311,2020-01-01,,-13
Trend GLG naar 2050,d_swf_welstandsgebieden,312,2020-01-01,,-15
Trend GLG naar 2050,d_swf_welstandsgebieden,313,2020-01-01,,-10
Trend GLG naar 2050,d_swf_welstandsgebieden,387,2020-01-01,,-16
Trend GLG naar 2050,d_swf_welstandsgebieden,346,2020-01-01,,-8
Trend GLG naar 2050,d_swf_welstandsgebieden,347,2020-01-01,,-14
Trend GLG naar 2050,d_swf_welstandsgebieden,348,2020-01-01,,-17
Trend GLG naar 2050,d_swf_welstandsgebieden,349,2020-01-01,,-14
Trend GLG naar 2050,d_swf_welstandsgebieden,350,2020-01-01,,1
Trend GLG naar 2050,d_swf_welstandsgebieden,382,2020-01-01,,-6
Trend GLG naar 2050,d_swf_welstandsgebieden,383,2020-01-01,,-3
Trend GLG naar 2050,d_swf_welstandsgebieden,384,2020-01-01,,-1
Trend GLG naar 2050,d_swf_welstandsgebieden,385,2020-01-01,,-9
Trend GLG naar 2050,d_swf_welstandsgebieden,351,2020-01-01,,0
Trend GLG naar 2050,d_swf_welstandsgebieden,388,2020-01-01,,-17
Trend GLG naar 2050,d_swf_welstandsgebieden,389,2020-01-01,,-10
Trend GLG naar 2050,d_swf_welstandsgebieden,390,2020-01-01,,-7
Trend GLG naar 2050,d_swf_welstandsgebieden,391,2020-01-01,,-3
Trend GLG naar 2050,d_swf_welstandsgebieden,360,2020-01-01,,-1
Trend GLG naar 2050,d_swf_welstandsgebieden,361,2020-01-01,,3
Trend GLG naar 2050,d_swf_welstandsgebieden,362,2020-01-01,,-11
Trend GLG naar 2050,d_swf_welstandsgebieden,363,2020-01-01,,-15
Trend GLG naar 2050,d_swf_welstandsgebieden,395,2020-01-01,,-17
Trend GLG naar 2050,d_swf_welstandsgebieden,396,2020-01-01,,-14
Trend GLG naar 2050,d_swf_welstandsgebieden,431,2020-01-01,,-4
Trend GLG naar 2050,d_swf_welstandsgebieden,432,2020-01-01,,-6
Trend GLG naar 2050,d_swf_welstandsgebieden,433,2020-01-01,,-4
Trend GLG naar 2050,d_swf_welstandsgebieden,434,2020-01-01,,-14
Trend GLG naar 2050,d_swf_welstandsgebieden,435,2020-01-01,,-15
Trend GLG naar 2050,d_swf_welstandsgebieden,392,2020-01-01,,-5
Trend GLG naar 2050,d_swf_welstandsgebieden,393,2020-01-01,,-16
Trend GLG naar 2050,d_swf_welstandsgebieden,394,2020-01-01,,-16
Trend GLG naar 2050,d_swf_welstandsgebieden,355,2020-01-01,,-7
Trend GLG naar 2050,d_swf_welstandsgebieden,436,2020-01-01,,-7
Trend GLG naar 2050,d_swf_welstandsgebieden,437,2020-01-01,,-9
Trend GLG naar 2050,d_swf_welstandsgebieden,452,2020-01-01,,-7
Trend GLG naar 2050,d_swf_welstandsgebieden,400,2020-01-01,,-15
Trend GLG naar 2050,d_swf_welstandsgebieden,401,2020-01-01,,-7
Trend GLG naar 2050,d_swf_welstandsgebieden,402,2020-01-01,,-15
Trend GLG naar 2050,d_swf_welstandsgebieden,403,2020-01-01,,-6
Trend GLG naar 2050,d_swf_welstandsgebieden,356,2020-01-01,,-16
Trend GLG naar 2050,d_swf_welstandsgebieden,357,2020-01-01,,-13
Trend GLG naar 2050,d_swf_welstandsgebieden,358,2020-01-01,,-18
Trend GLG naar 2050,d_swf_welstandsgebieden,359,2020-01-01,,-3
Trend GLG naar 2050,d_swf_welstandsgebieden,413,2020-01-01,,3
Trend GLG naar 2050,d_swf_welstandsgebieden,414,2020-01-01,,2
Trend GLG naar 2050,d_swf_welstandsgebieden,415,2020-01-01,,-3
Trend GLG naar 2050,d_swf_welstandsgebieden,416,2020-01-01,,-5
Trend GLG naar 2050,d_swf_welstandsgebieden,417,2020-01-01,,-14
Trend GLG naar 2050,d_swf_welstandsgebieden,418,2020-01-01,,-8
Trend GLG naar 2050,d_swf_welstandsgebieden,419,2020-01-01,,-12
Trend GLG naar 2050,d_swf_welstandsgebieden,430,2020-01-01,,-19
Trend GLG naar 2050,d_swf_welstandsgebieden,447,2020-01-01,,-9
Trend GLG naar 2050,d_swf_welstandsgebieden,448,2020-01-01,,-6
Trend GLG naar 2050,d_swf_welstandsgebieden,449,2020-01-01,,-17
Trend GLG naar 2050,d_swf_welstandsgebieden,450,2020-01-01,,-20
Trend GLG naar 2050,d_swf_welstandsgebieden,451,2020-01-01,,-15
Trend GLG naar 2050,d_swf_welstandsgebieden,404,2020-01-01,,-5
Trend GLG naar 2050,d_swf_welstandsgebieden,405,2020-01-01,,-15
Trend GLG naar 2050,d_swf_welstandsgebieden,406,2020-01-01,,-20
Trend GLG naar 2050,d_swf_welstandsgebieden,407,2020-01-01,,-12
Trend GLG naar 2050,d_swf_welstandsgebieden,408,2020-01-01,,-3
Trend GLG naar 2050,d_swf_welstandsgebieden,409,2020-01-01,,-5
Trend GLG naar 2050,d_swf_welstandsgebieden,410,2020-01-01,,-9
Trend GLG naar 2050,d_swf_welstandsgebieden,441,2020-01-01,,-14
Trend GLG naar 2050,d_swf_welstandsgebieden,442,2020-01-01,,-8
Trend GLG naar 2050,d_swf_welstandsgebieden,438,2020-01-01,,-20
Trend GLG naar 2050,d_swf_welstandsgebieden,411,2020-01-01,,-15
Trend GLG naar 2050,d_swf_welstandsgebieden,412,2020-01-01,,-15
Trend GLG naar 2050,d_swf_welstandsgebieden,440,2020-01-01,,-12
Trend GLG naar 2050,d_swf_welstandsgebieden,426,2020-01-01,,-8
Trend GLG naar 2050,d_swf_welstandsgebieden,427,2020-01-01,,-14
Trend GLG naar 2050,d_swf_welstandsgebieden,428,2020-01-01,,-7
Trend GLG naar 2050,d_swf_welstandsgebieden,429,2020-01-01,,-11
Trend GLG naar 2050,d_swf_welstandsgebieden,477,2020-01-01,,-10
Trend GLG naar 2050,d_swf_welstandsgebieden,478,2020-01-01,,-7
Trend GLG naar 2050,d_swf_welstandsgebieden,479,2020-01-01,,-3
Trend GLG naar 2050,d_swf_welstandsgebieden,480,2020-01-01,,-8
Trend GLG naar 2050,d_swf_welstandsgebieden,481,2020-01-01,,-17
Trend GLG naar 2050,d_swf_welstandsgebieden,482,2020-01-01,,-12
Trend GLG naar 2050,d_swf_welstandsgebieden,439,2020-01-01,,-5
Trend GLG naar 2050,d_swf_welstandsgebieden,465,2020-01-01,,-13
Trend GLG naar 2050,d_swf_welstandsgebieden,443,2020-01-01,,-7
Trend GLG naar 2050,d_swf_welstandsgebieden,453,2020-01-01,,-6
Trend GLG naar 2050,d_swf_welstandsgebieden,454,2020-01-01,,-2
Trend GLG naar 2050,d_swf_welstandsgebieden,455,2020-01-01,,-12
Trend GLG naar 2050,d_swf_welstandsgebieden,457,2020-01-01,,-6
Trend GLG naar 2050,d_swf_welstandsgebieden,458,2020-01-01,,-9
Trend GLG naar 2050,d_swf_welstandsgebieden,459,2020-01-01,,-9
Trend GLG naar 2050,d_swf_welstandsgebieden,460,2020-01-01,,-15
Trend GLG naar 2050,d_swf_welstandsgebieden,444,2020-01-01,,-3
Trend GLG naar 2050,d_swf_welstandsgebieden,445,2020-01-01,,-7
Trend GLG naar 2050,d_swf_welstandsgebieden,446,2020-01-01,,-5
Trend GLG naar 2050,d_swf_welstandsgebieden,476,2020-01-01,,-4
Trend GLG naar 2050,d_swf_welstandsgebieden,560,2020-01-01,,-5
Trend GLG naar 2050,d_swf_welstandsgebieden,561,2020-01-01,,-4
Trend GLG naar 2050,d_swf_welstandsgebieden,466,2020-01-01,,-12
Trend GLG naar 2050,d_swf_welstandsgebieden,467,2020-01-01,,-5
Trend GLG naar 2050,d_swf_welstandsgebieden,468,2020-01-01,,-11
Trend GLG naar 2050,d_swf_welstandsgebieden,469,2020-01-01,,-13
Trend GLG naar 2050,d_swf_welstandsgebieden,518,2020-01-01,,-13
Trend GLG naar 2050,d_swf_welstandsgebieden,519,2020-01-01,,-9
Trend GLG naar 2050,d_swf_welstandsgebieden,520,2020-01-01,,-7
Trend GLG naar 2050,d_swf_welstandsgebieden,484,2020-01-01,,-10
Trend GLG naar 2050,d_swf_welstandsgebieden,485,2020-01-01,,-3
Trend GLG naar 2050,d_swf_welstandsgebieden,456,2020-01-01,,-1
Trend GLG naar 2050,d_swf_welstandsgebieden,483,2020-01-01,,-16
Trend GLG naar 2050,d_swf_welstandsgebieden,420,2020-01-01,,-17
Trend GLG naar 2050,d_swf_welstandsgebieden,421,2020-01-01,,-13
Trend GLG naar 2050,d_swf_welstandsgebieden,422,2020-01-01,,-19
Trend GLG naar 2050,d_swf_welstandsgebieden,423,2020-01-01,,-6
Trend GLG naar 2050,d_swf_welstandsgebieden,424,2020-01-01,,-9
Trend GLG naar 2050,d_swf_welstandsgebieden,425,2020-01-01,,-10
Trend GLG naar 2050,d_swf_welstandsgebieden,463,2020-01-01,,-11
Trend GLG naar 2050,d_swf_welstandsgebieden,464,2020-01-01,,-14
Trend GLG naar 2050,d_swf_welstandsgebieden,487,2020-01-01,,-10
Trend GLG naar 2050,d_swf_welstandsgebieden,488,2020-01-01,,-6
Trend GLG naar 2050,d_swf_welstandsgebieden,470,2020-01-01,,-12
Trend GLG naar 2050,d_swf_welstandsgebieden,554,2020-01-01,,-7
Trend GLG naar 2050,d_swf_welstandsgebieden,512,2020-01-01,,-7
Trend GLG naar 2050,d_swf_welstandsgebieden,513,2020-01-01,,-8
Trend GLG naar 2050,d_swf_welstandsgebieden,514,2020-01-01,,-6
Trend GLG naar 2050,d_swf_welstandsgebieden,471,2020-01-01,,-7
Trend GLG naar 2050,d_swf_welstandsgebieden,472,2020-01-01,,-6
Trend GLG naar 2050,d_swf_welstandsgebieden,473,2020-01-01,,-15
Trend GLG naar 2050,d_swf_welstandsgebieden,474,2020-01-01,,3
Trend GLG naar 2050,d_swf_welstandsgebieden,475,2020-01-01,,-6
Trend GLG naar 2050,d_swf_welstandsgebieden,576,2020-01-01,,-1
Trend GLG naar 2050,d_swf_welstandsgebieden,577,2020-01-01,,-14
Trend GLG naar 2050,d_swf_welstandsgebieden,587,2020-01-01,,-12
Trend GLG naar 2050,d_swf_welstandsgebieden,588,2020-01-01,,-12
Trend GLG naar 2050,d_swf_welstandsgebieden,592,2020-01-01,,-5
Trend GLG naar 2050,d_swf_welstandsgebieden,593,2020-01-01,,-12
Trend GLG naar 2050,d_swf_welstandsgebieden,594,2020-01-01,,0
Trend GLG naar 2050,d_swf_welstandsgebieden,506,2020-01-01,,-13
Trend GLG naar 2050,d_swf_welstandsgebieden,507,2020-01-01,,-8
Trend GLG naar 2050,d_swf_welstandsgebieden,461,2020-01-01,,-6
Trend GLG naar 2050,d_swf_welstandsgebieden,462,2020-01-01,,-5
Trend GLG naar 2050,d_swf_welstandsgebieden,486,2020-01-01,,-18
Trend GLG naar 2050,d_swf_welstandsgebieden,599,2020-01-01,,-13
Trend GLG naar 2050,d_swf_welstandsgebieden,601,2020-01-01,,-8
Trend GLG naar 2050,d_swf_welstandsgebieden,604,2020-01-01,,-11
Trend GLG naar 2050,d_swf_welstandsgebieden,552,2020-01-01,,-14
Trend GLG naar 2050,d_swf_welstandsgebieden,553,2020-01-01,,-5
Trend GLG naar 2050,d_swf_welstandsgebieden,589,2020-01-01,,-8
Trend GLG naar 2050,d_swf_welstandsgebieden,494,2020-01-01,,-4
Trend GLG naar 2050,d_swf_welstandsgebieden,495,2020-01-01,,-19
Trend GLG naar 2050,d_swf_welstandsgebieden,496,2020-01-01,,-9
Trend GLG naar 2050,d_swf_welstandsgebieden,500,2020-01-01,,-10
Trend GLG naar 2050,d_swf_welstandsgebieden,605,2020-01-01,,-14
Trend GLG naar 2050,d_swf_welstandsgebieden,607,2020-01-01,,-10
Trend GLG naar 2050,d_swf_welstandsgebieden,542,2020-01-01,,-20
Trend GLG naar 2050,d_swf_welstandsgebieden,532,2020-01-01,,-9
Trend GLG naar 2050,d_swf_welstandsgebieden,523,2020-01-01,,-5
Trend GLG naar 2050,d_swf_welstandsgebieden,524,2020-01-01,,-6
Trend GLG naar 2050,d_swf_welstandsgebieden,525,2020-01-01,,-11
Trend GLG naar 2050,d_swf_welstandsgebieden,508,2020-01-01,,-4
Trend GLG naar 2050,d_swf_welstandsgebieden,509,2020-01-01,,-6
Trend GLG naar 2050,d_swf_welstandsgebieden,536,2020-01-01,,18
Trend GLG naar 2050,d_swf_welstandsgebieden,537,2020-01-01,,-4
Trend GLG naar 2050,d_swf_welstandsgebieden,538,2020-01-01,,-18
Trend GLG naar 2050,d_swf_welstandsgebieden,539,2020-01-01,,-8
Trend GLG naar 2050,d_swf_welstandsgebieden,533,2020-01-01,,-6
Trend GLG naar 2050,d_swf_welstandsgebieden,534,2020-01-01,,-14
Trend GLG naar 2050,d_swf_welstandsgebieden,535,2020-01-01,,-12
Trend GLG naar 2050,d_swf_welstandsgebieden,578,2020-01-01,,-10
Trend GLG naar 2050,d_swf_welstandsgebieden,596,2020-01-01,,-6
Trend GLG naar 2050,d_swf_welstandsgebieden,515,2020-01-01,,-1
Trend GLG naar 2050,d_swf_welstandsgebieden,570,2020-01-01,,-17
Trend GLG naar 2050,d_swf_welstandsgebieden,521,2020-01-01,,-11
Trend GLG naar 2050,d_swf_welstandsgebieden,522,2020-01-01,,-11
Trend GLG naar 2050,d_swf_welstandsgebieden,571,2020-01-01,,-10
Trend GLG naar 2050,d_swf_welstandsgebieden,572,2020-01-01,,-6
Trend GLG naar 2050,d_swf_welstandsgebieden,606,2020-01-01,,-11
Trend GLG naar 2050,d_swf_welstandsgebieden,613,2020-01-01,,-15
Trend GLG naar 2050,d_swf_welstandsgebieden,614,2020-01-01,,-13
Trend GLG naar 2050,d_swf_welstandsgebieden,615,2020-01-01,,-8
Trend GLG naar 2050,d_swf_welstandsgebieden,616,2020-01-01,,-3
Trend GLG naar 2050,d_swf_welstandsgebieden,617,2020-01-01,,-13
Trend GLG naar 2050,d_swf_welstandsgebieden,618,2020-01-01,,-16
Trend GLG naar 2050,d_swf_welstandsgebieden,619,2020-01-01,,-8
Trend GLG naar 2050,d_swf_welstandsgebieden,620,2020-01-01,,-10
Trend GLG naar 2050,d_swf_welstandsgebieden,621,2020-01-01,,-11
Trend GLG naar 2050,d_swf_welstandsgebieden,622,2020-01-01,,-6
Trend GLG naar 2050,d_swf_welstandsgebieden,623,2020-01-01,,-6
Trend GLG naar 2050,d_swf_welstandsgebieden,624,2020-01-01,,-4
Trend GLG naar 2050,d_swf_welstandsgebieden,625,2020-01-01,,-17
Trend GLG naar 2050,d_swf_welstandsgebieden,626,2020-01-01,,-17
Trend GLG naar 2050,d_swf_welstandsgebieden,627,2020-01-01,,-9
Trend GLG naar 2050,d_swf_welstandsgebieden,628,2020-01-01,,-17
Trend GLG naar 2050,d_swf_welstandsgebieden,629,2020-01-01,,-18
Trend GLG naar 2050,d_swf_welstandsgebieden,630,2020-01-01,,-16
Trend GLG naar 2050,d_swf_welstandsgebieden,631,2020-01-01,,-15
Trend GLG naar 2050,d_swf_welstandsgebieden,632,2020-01-01,,-21
Trend GLG naar 2050,d_swf_welstandsgebieden,633,2020-01-01,,-12
Trend GLG naar 2050,d_swf_welstandsgebieden,634,2020-01-01,,-13
Trend GLG naar 2050,d_swf_welstandsgebieden,635,2020-01-01,,-14
Trend GLG naar 2050,d_swf_welstandsgebieden,636,2020-01-01,,-20
Trend GLG naar 2050,d_swf_welstandsgebieden,637,2020-01-01,,-23
Trend GLG naar 2050,d_swf_welstandsgebieden,638,2020-01-01,,-18
Trend GLG naar 2050,d_swf_welstandsgebieden,639,2020-01-01,,-10
Trend GLG naar 2050,d_swf_welstandsgebieden,640,2020-01-01,,-10
Trend GLG naar 2050,d_swf_welstandsgebieden,641,2020-01-01,,-11
Trend GLG naar 2050,d_swf_welstandsgebieden,642,2020-01-01,,-3
Trend GLG naar 2050,d_swf_welstandsgebieden,643,2020-01-01,,-11
Trend GLG naar 2050,d_swf_welstandsgebieden,644,2020-01-01,,-11
Trend GLG naar 2050,d_swf_welstandsgebieden,645,2020-01-01,,-11
Trend GLG naar 2050,d_swf_welstandsgebieden,646,2020-01-01,,-20
Trend GLG naar 2050,d_swf_welstandsgebieden,647,2020-01-01,,-21
Trend GLG naar 2050,d_swf_welstandsgebieden,648,2020-01-01,,-14
Trend GLG naar 2050,d_swf_welstandsgebieden,649,2020-01-01,,-12
Trend GLG naar 2050,d_swf_welstandsgebieden,650,2020-01-01,,-15
Trend GLG naar 2050,d_swf_welstandsgebieden,651,2020-01-01,,-13
Trend GLG naar 2050,d_swf_welstandsgebieden,652,2020-01-01,,-9
Trend GLG naar 2050,d_swf_welstandsgebieden,653,2020-01-01,,-8
Trend GLG naar 2050,d_swf_welstandsgebieden,654,2020-01-01,,-3
Trend GLG naar 2050,d_swf_welstandsgebieden,655,2020-01-01,,-8
Trend GLG naar 2050,d_swf_welstandsgebieden,656,2020-01-01,,-7
Trend GLG naar 2050,d_swf_welstandsgebieden,657,2020-01-01,,-18
Trend GLG naar 2050,d_swf_welstandsgebieden,658,2020-01-01,,-16
Trend GLG naar 2050,d_swf_welstandsgebieden,659,2020-01-01,,-19
Trend GLG naar 2050,d_swf_welstandsgebieden,660,2020-01-01,,-14
Trend GLG naar 2050,d_swf_welstandsgebieden,661,2020-01-01,,-16
Trend GLG naar 2050,d_swf_welstandsgebieden,662,2020-01-01,,-15
Trend GLG naar 2050,d_swf_welstandsgebieden,663,2020-01-01,,-14
Trend GLG naar 2050,d_swf_welstandsgebieden,664,2020-01-01,,-14
Trend GLG naar 2050,d_swf_welstandsgebieden,665,2020-01-01,,-14
Trend GLG naar 2050,d_swf_welstandsgebieden,666,2020-01-01,,-15
Trend GLG naar 2050,d_swf_welstandsgebieden,667,2020-01-01,,-6
Trend GLG naar 2050,d_swf_welstandsgebieden,668,2020-01-01,,-6
Trend GLG naar 2050,d_swf_welstandsgebieden,669,2020-01-01,,-13
Trend GLG naar 2050,d_swf_welstandsgebieden,670,2020-01-01,,-6
Trend GLG naar 2050,d_swf_welstandsgebieden,671,2020-01-01,,-16
Trend GLG naar 2050,d_swf_welstandsgebieden,672,2020-01-01,,-6
Trend GLG naar 2050,d_swf_welstandsgebieden,673,2020-01-01,,-12
Trend GLG naar 2050,d_swf_welstandsgebieden,674,2020-01-01,,-8
Trend GLG naar 2050,d_swf_welstandsgebieden,675,2020-01-01,,-8
Trend GLG naar 2050,d_swf_welstandsgebieden,676,2020-01-01,,-13
Trend GLG naar 2050,d_swf_welstandsgebieden,677,2020-01-01,,-14
Trend GLG naar 2050,d_swf_welstandsgebieden,678,2020-01-01,,-16
Trend GLG naar 2050,d_swf_welstandsgebieden,679,2020-01-01,,-20
Trend GLG naar 2050,d_swf_welstandsgebieden,680,2020-01-01,,-6
Trend GLG naar 2050,d_swf_welstandsgebieden,681,2020-01-01,,-10
Trend GLG naar 2050,d_swf_welstandsgebieden,682,2020-01-01,,-12
Trend GLG naar 2050,d_swf_welstandsgebieden,683,2020-01-01,,-11
Trend GLG naar 2050,d_swf_welstandsgebieden,684,2020-01-01,,-19
Trend GLG naar 2050,d_swf_welstandsgebieden,685,2020-01-01,,-19
Trend GLG naar 2050,d_swf_welstandsgebieden,686,2020-01-01,,-19
Trend GLG naar 2050,d_swf_welstandsgebieden,687,2020-01-01,,-17
Trend GLG naar 2050,d_swf_welstandsgebieden,688,2020-01-01,,-13
Trend GLG naar 2050,d_swf_welstandsgebieden,689,2020-01-01,,-18
Trend GLG naar 2050,d_swf_welstandsgebieden,690,2020-01-01,,-16
Trend GLG naar 2050,d_swf_welstandsgebieden,691,2020-01-01,,-19
Trend GLG naar 2050,d_swf_welstandsgebieden,692,2020-01-01,,-4
Trend GLG naar 2050,d_swf_welstandsgebieden,693,2020-01-01,,-2
Trend GLG naar 2050,d_swf_welstandsgebieden,694,2020-01-01,,1
Trend GLG naar 2050,d_swf_welstandsgebieden,695,2020-01-01,,-7
Trend GLG naar 2050,d_swf_welstandsgebieden,696,2020-01-01,,-12
Trend GLG naar 2050,d_swf_welstandsgebieden,697,2020-01-01,,-2
Trend GLG naar 2050,d_swf_welstandsgebieden,698,2020-01-01,,-5
Trend GLG naar 2050,d_swf_welstandsgebieden,699,2020-01-01,,-7
Trend GLG naar 2050,d_swf_welstandsgebieden,700,2020-01-01,,-3
Trend GLG naar 2050,d_swf_welstandsgebieden,701,2020-01-01,,-2
Trend GLG naar 2050,d_swf_welstandsgebieden,702,2020-01-01,,-6
Trend GLG naar 2050,d_swf_welstandsgebieden,703,2020-01-01,,-4
Trend GLG naar 2050,d_swf_welstandsgebieden,704,2020-01-01,,-16
Trend GLG naar 2050,d_swf_welstandsgebieden,705,2020-01-01,,-16
Trend GLG naar 2050,d_swf_welstandsgebieden,706,2020-01-01,,-17
Trend GLG naar 2050,d_swf_welstandsgebieden,707,2020-01-01,,-7
Trend GLG naar 2050,d_swf_welstandsgebieden,708,2020-01-01,,-5
Trend GLG naar 2050,d_swf_welstandsgebieden,709,2020-01-01,,3
Trend GLG naar 2050,d_swf_welstandsgebieden,710,2020-01-01,,-3
Trend GLG naar 2050,d_swf_welstandsgebieden,713,2020-01-01,,-5
Trend GLG naar 2050,d_swf_welstandsgebieden,714,2020-01-01,,-3
Trend GLG naar 2050,d_swf_welstandsgebieden,715,2020-01-01,,-2
Trend GLG naar 2050,d_swf_welstandsgebieden,716,2020-01-01,,1
Trend GLG naar 2050,d_swf_welstandsgebieden,717,2020-01-01,,-15
Trend GLG naar 2050,d_swf_welstandsgebieden,718,2020-01-01,,-14
Trend GLG naar 2050,d_swf_welstandsgebieden,719,2020-01-01,,-13
Trend GLG naar 2050,d_swf_welstandsgebieden,720,2020-01-01,,-16
Trend GLG naar 2050,d_swf_welstandsgebieden,721,2020-01-01,,-15
Trend GLG naar 2050,d_swf_welstandsgebieden,722,2020-01-01,,-17
Trend GLG naar 2050,d_swf_welstandsgebieden,723,2020-01-01,,-14
Trend GLG naar 2050,d_swf_welstandsgebieden,724,2020-01-01,,-16
Trend GLG naar 2050,d_swf_welstandsgebieden,725,2020-01-01,,0
Trend GLG naar 2050,d_swf_welstandsgebieden,726,2020-01-01,,-3
Trend GLG naar 2050,d_swf_welstandsgebieden,727,2020-01-01,,-7
Trend GLG naar 2050,d_swf_welstandsgebieden,728,2020-01-01,,-5
Trend GLG naar 2050,d_swf_welstandsgebieden,729,2020-01-01,,-11
Trend GLG naar 2050,d_swf_welstandsgebieden,730,2020-01-01,,-3
Trend GLG naar 2050,d_swf_welstandsgebieden,731,2020-01-01,,-3
Trend GLG naar 2050,d_swf_welstandsgebieden,732,2020-01-01,,1
Trend GLG naar 2050,d_swf_welstandsgebieden,733,2020-01-01,,1
Trend GLG naar 2050,d_swf_welstandsgebieden,734,2020-01-01,,-3
Trend GLG naar 2050,d_swf_welstandsgebieden,735,2020-01-01,,3
Trend GLG naar 2050,d_swf_welstandsgebieden,736,2020-01-01,,-2
Trend GLG naar 2050,d_swf_welstandsgebieden,737,2020-01-01,,-2
Trend GLG naar 2050,d_swf_welstandsgebieden,738,2020-01-01,,-14
Trend GLG naar 2050,d_swf_welstandsgebieden,739,2020-01-01,,-11
Trend GLG naar 2050,d_swf_welstandsgebieden,740,2020-01-01,,-11
Trend GLG naar 2050,d_swf_welstandsgebieden,741,2020-01-01,,-7
Trend GLG naar 2050,d_swf_welstandsgebieden,742,2020-01-01,,-10
Trend GLG naar 2050,d_swf_welstandsgebieden,743,2020-01-01,,-5
Trend GLG naar 2050,d_swf_welstandsgebieden,744,2020-01-01,,-9
Trend GLG naar 2050,d_swf_welstandsgebieden,745,2020-01-01,,-5
Trend GLG naar 2050,d_swf_welstandsgebieden,746,2020-01-01,,-14
Trend GLG naar 2050,d_swf_welstandsgebieden,747,2020-01-01,,-1
Trend GLG naar 2050,d_swf_welstandsgebieden,748,2020-01-01,,-1
Trend GLG naar 2050,d_swf_welstandsgebieden,749,2020-01-01,,-5
Trend GLG naar 2050,d_swf_welstandsgebieden,750,2020-01-01,,-7
Trend GLG naar 2050,d_swf_welstandsgebieden,751,2020-01-01,,-11
Trend GLG naar 2050,d_swf_welstandsgebieden,752,2020-01-01,,-17
Trend GLG naar 2050,d_swf_welstandsgebieden,753,2020-01-01,,-7
Trend GLG naar 2050,d_swf_welstandsgebieden,754,2020-01-01,,-6
Trend GLG naar 2050,d_swf_welstandsgebieden,755,2020-01-01,,-13
Trend GLG naar 2050,d_swf_welstandsgebieden,756,2020-01-01,,-7
Trend GLG naar 2050,d_swf_welstandsgebieden,757,2020-01-01,,-8
Trend GLG naar 2050,d_swf_welstandsgebieden,758,2020-01-01,,-13
Trend GLG naar 2050,d_swf_welstandsgebieden,563,2020-01-01,,-12
Trend GLG naar 2050,d_swf_welstandsgebieden,564,2020-01-01,,-1
Trend GLG naar 2050,d_swf_welstandsgebieden,493,2020-01-01,,-11
Trend GLG naar 2050,d_swf_welstandsgebieden,543,2020-01-01,,-4
Trend GLG naar 2050,d_swf_welstandsgebieden,583,2020-01-01,,-5
Trend GLG naar 2050,d_swf_welstandsgebieden,584,2020-01-01,,-15
Trend GLG naar 2050,d_swf_welstandsgebieden,546,2020-01-01,,-5
Trend GLG naar 2050,d_swf_welstandsgebieden,547,2020-01-01,,-13
Trend GLG naar 2050,d_swf_welstandsgebieden,548,2020-01-01,,-9
Trend GLG naar 2050,d_swf_welstandsgebieden,549,2020-01-01,,-11
Trend GLG naar 2050,d_swf_welstandsgebieden,550,2020-01-01,,-6
Trend GLG naar 2050,d_swf_welstandsgebieden,551,2020-01-01,,-7
Trend GLG naar 2050,d_swf_welstandsgebieden,591,2020-01-01,,-13
Trend GLG naar 2050,d_swf_welstandsgebieden,530,2020-01-01,,-15
Trend GLG naar 2050,d_swf_welstandsgebieden,609,2020-01-01,,-11
Trend GLG naar 2050,d_swf_welstandsgebieden,610,2020-01-01,,-11
Trend GLG naar 2050,d_swf_welstandsgebieden,566,2020-01-01,,-12
Trend GLG naar 2050,d_swf_welstandsgebieden,567,2020-01-01,,0
Trend GLG naar 2050,d_swf_welstandsgebieden,568,2020-01-01,,-10
Trend GLG naar 2050,d_swf_welstandsgebieden,569,2020-01-01,,-18
Trend GLG naar 2050,d_swf_welstandsgebieden,544,2020-01-01,,-13
Trend GLG naar 2050,d_swf_welstandsgebieden,545,2020-01-01,,-13
Trend GLG naar 2050,d_swf_welstandsgebieden,595,2020-01-01,,3
Trend GLG naar 2050,d_swf_welstandsgebieden,580,2020-01-01,,-11
Trend GLG naar 2050,d_swf_welstandsgebieden,501,2020-01-01,,-17
Trend GLG naar 2050,d_swf_welstandsgebieden,502,2020-01-01,,-6
Trend GLG naar 2050,d_swf_welstandsgebieden,503,2020-01-01,,-14
Trend GLG naar 2050,d_swf_welstandsgebieden,531,2020-01-01,,-20
Trend GLG naar 2050,d_swf_welstandsgebieden,586,2020-01-01,,-11
Trend GLG naar 2050,d_swf_welstandsgebieden,489,2020-01-01,,-3
Trend GLG naar 2050,d_swf_welstandsgebieden,490,2020-01-01,,-8
Trend GLG naar 2050,d_swf_welstandsgebieden,491,2020-01-01,,-11
Trend GLG naar 2050,d_swf_welstandsgebieden,492,2020-01-01,,-14
Trend GLG naar 2050,d_swf_welstandsgebieden,565,2020-01-01,,-4
Trend GLG naar 2050,d_swf_welstandsgebieden,573,2020-01-01,,-18
Trend GLG naar 2050,d_swf_welstandsgebieden,510,2020-01-01,,-10
Trend GLG naar 2050,d_swf_welstandsgebieden,511,2020-01-01,,-14
Trend GLG naar 2050,d_swf_welstandsgebieden,516,2020-01-01,,-5
Trend GLG naar 2050,d_swf_welstandsgebieden,517,2020-01-01,,0
Trend GLG naar 2050,d_swf_welstandsgebieden,582,2020-01-01,,-7
Trend GLG naar 2050,d_swf_welstandsgebieden,555,2020-01-01,,-7
Trend GLG naar 2050,d_swf_welstandsgebieden,556,2020-01-01,,-8
Trend GLG naar 2050,d_swf_welstandsgebieden,557,2020-01-01,,-14
Trend GLG naar 2050,d_swf_welstandsgebieden,526,2020-01-01,,-14
Trend GLG naar 2050,d_swf_welstandsgebieden,527,2020-01-01,,-10
Trend GLG naar 2050,d_swf_welstandsgebieden,528,2020-01-01,,-8
Trend GLG naar 2050,d_swf_welstandsgebieden,529,2020-01-01,,-11
Trend GLG naar 2050,d_swf_welstandsgebieden,585,2020-01-01,,-9
Trend GLG naar 2050,d_swf_welstandsgebieden,602,2020-01-01,,-22
Trend GLG naar 2050,d_swf_welstandsgebieden,540,2020-01-01,,-8
Trend GLG naar 2050,d_swf_welstandsgebieden,541,2020-01-01,,-13
Trend GLG naar 2050,d_swf_welstandsgebieden,597,2020-01-01,,-22
Trend GLG naar 2050,d_swf_welstandsgebieden,603,2020-01-01,,-29
Trend GLG naar 2050,d_swf_welstandsgebieden,497,2020-01-01,,-9
Trend GLG naar 2050,d_swf_welstandsgebieden,498,2020-01-01,,-13
Trend GLG naar 2050,d_swf_welstandsgebieden,608,2020-01-01,,-17
Trend GLG naar 2050,d_swf_welstandsgebieden,574,2020-01-01,,-15
Trend GLG naar 2050,d_swf_welstandsgebieden,575,2020-01-01,,-4
Trend GLG naar 2050,d_swf_welstandsgebieden,558,2020-01-01,,-5
Trend GLG naar 2050,d_swf_welstandsgebieden,559,2020-01-01,,-15
Trend GLG naar 2050,d_swf_welstandsgebieden,598,2020-01-01,,-14
Trend GLG naar 2050,d_swf_welstandsgebieden,579,2020-01-01,,-13
Trend GLG naar 2050,d_swf_welstandsgebieden,581,2020-01-01,,-13
Trend GLG naar 2050,d_swf_welstandsgebieden,562,2020-01-01,,-6
Trend GLG naar 2050,d_swf_welstandsgebieden,590,2020-01-01,,-13
Trend GLG naar 2050,d_swf_welstandsgebieden,499,2020-01-01,,-14
Trend GLG naar 2050,d_swf_welstandsgebieden,504,2020-01-01,,-7
Trend GLG naar 2050,d_swf_welstandsgebieden,505,2020-01-01,,-6
